{"cameraMode":{"drawMode":0,"name":"Shaded","section":"Shading Mode"},"sceneLighting":true,"audioPlay":false,"sceneViewState":{"m_AlwaysRefresh":false,"showFog":true,"showSkybox":true,"showFlares":true,"showImageEffects":true,"showParticleSystems":true,"showVisualEffectGraphs":true,"m_FxEnabled":false},"in2DMode":false,"pivot":{"x":-6.154266834259033,"y":-0.026400268077850343,"z":1.6056785583496094},"rotation":{"x":-0.004233626648783684,"y":0.9663875699043274,"z":-0.01594688557088375,"w":-0.2565626800060272},"size":6.2071146965026859,"orthographic":false}